,0,1,2,3,4,5,6,7,8,9,10,11,12,13,14,15,16,17,18,19,20,21,22,23,24,25,26,27,28,29,30,31,32,33,34,35,36,37,38,39,40,41,42,43,44,45,46,47,48,49,50,51,52,53,54,55,56,57,58,59,60,61,62,63,64,65,66,67,68,69,70,71,72,73,74,75,76,77,78,79,80,81,82,83,84,85,86,87,88,89,90,91,92,93,94,95,96,97,98,99,100,101,102,103,104,105,106,107,108,109,110,111,112,113,114,115,116,117,118,119,120,121,122,123,124,125,126,127,128
0,-0.11575574427843094,0.05765581503510475,0.005942593794316053,-0.04314926266670227,-0.059231895953416824,0.07685213536024094,-0.05798798054456711,-0.06132524833083153,0.19277772307395935,-0.1314806193113327,0.17572204768657684,-0.015684664249420166,-0.19716784358024597,-0.10041148215532303,0.003588961437344551,0.08876185864210129,-0.12835542857646942,-0.16562357544898987,-0.03022153303027153,-0.08221418410539627,0.016761166974902153,-0.01851513981819153,-0.00039346120320260525,0.07845701277256012,-0.196544349193573,-0.41318702697753906,-0.053807616233825684,-0.09712652862071991,0.036727145314216614,-0.13889774680137634,-0.007950016297399998,0.043315451592206955,-0.23019596934318542,-0.00870833732187748,-0.05824067443609238,0.05824992060661316,0.027742590755224228,0.0007967725396156311,0.17483381927013397,0.0678381696343422,-0.1675303429365158,-0.08246736973524094,-0.0027326103299856186,0.2892328202724457,0.2032301425933838,0.01104804314672947,0.007924078032374382,0.019955232739448547,0.03741048648953438,-0.23177537322044373,0.007883287966251373,0.1212303638458252,0.07684830576181412,-0.008848857134580612,0.00215312372893095,-0.0992826521396637,-0.05746476352214813,0.09353112429380417,-0.1482260376214981,0.09031520783901215,-0.00564134307205677,-0.10787179321050644,-0.06836895644664764,0.01894235610961914,0.29817935824394226,0.08468687534332275,-0.09595156461000443,-0.10605685412883759,0.2196798324584961,-0.14118856191635132,-0.01921061798930168,-0.006461957469582558,-0.07370319217443466,-0.19238680601119995,-0.26733335852622986,0.09152932465076447,0.41877835988998413,0.17397910356521606,-0.20393520593643188,0.08885405957698822,-0.12349925190210342,-0.018292274326086044,0.06557407230138779,0.08817562460899353,-0.09253290295600891,0.05504550784826279,-0.059469398111104965,0.07068078219890594,0.20197412371635437,0.07259555160999298,-0.0364079475402832,0.2059900164604187,-0.016607757657766342,0.03910054266452789,0.08528110384941101,-0.024303505197167397,-0.09413672238588333,-0.025310050696134567,-0.18129214644432068,-0.07043584436178207,0.03488127887248993,-0.03408396616578102,0.0671299546957016,0.15093764662742615,-0.176083043217659,0.16601991653442383,0.029239285737276077,-0.07423199713230133,0.04920874536037445,0.11366751044988632,-0.12116900086402893,-0.11625845730304718,0.14758966863155365,-0.2371681034564972,0.10480206459760666,0.17372477054595947,0.12742595374584198,0.1924370974302292,0.13251005113124847,0.06018386036157608,0.05526355281472206,0.027807924896478653,-0.13778056204319,-0.020712709054350853,0.04847455024719238,-0.06431266665458679,0.08550617098808289,0.032762136310338974,0.0
1,-0.11408082395792007,0.05225323885679245,0.011744122952222824,-0.0362970195710659,-0.06352706253528595,0.0804780125617981,-0.0556420236825943,-0.057856377214193344,0.2074275016784668,-0.14249852299690247,0.1717301309108734,-0.011927781626582146,-0.21079126000404358,-0.09658688306808472,0.006111734546720982,0.09114474803209305,-0.1311606764793396,-0.1686551868915558,-0.017049472779035568,-0.0891069695353508,0.017440952360630035,-0.01953640952706337,-0.0033849673345685005,0.06766527891159058,-0.19578135013580322,-0.4168926477432251,-0.06007862463593483,-0.09646836668252945,0.03760033845901489,-0.13999348878860474,-0.011423173360526562,0.056056033819913864,-0.21391181647777557,-0.011092061176896095,-0.06007637456059456,0.0626567006111145,0.026496848091483116,0.005673694424331188,0.16861486434936523,0.06842519342899323,-0.16786518692970276,-0.08620419353246689,-0.007861889898777008,0.29843398928642273,0.20025938749313354,0.013430914841592312,-0.003570329397916794,0.013690121471881866,0.03773064166307449,-0.23028820753097534,0.004223931580781937,0.13098038733005524,0.07944910228252411,-0.0023795468732714653,0.016400577500462532,-0.10103398561477661,-0.04593946039676666,0.09611116349697113,-0.15539254248142242,0.0797099843621254,-0.008477572351694107,-0.10459381341934204,-0.05086131766438484,0.020040102303028107,0.3140109181404114,0.0738205537199974,-0.09943702816963196,-0.09054780006408691,0.21926464140415192,-0.1327519714832306,-0.019483765587210655,-0.011636209674179554,-0.08176349103450775,-0.19680532813072205,-0.26584768295288086,0.09231622517108917,0.4165547788143158,0.17376843094825745,-0.2058667540550232,0.09929469227790833,-0.12075160443782806,-0.02600741572678089,0.07399693131446838,0.10189256817102432,-0.09236866235733032,0.05222708359360695,-0.05687194690108299,0.05952397733926773,0.184525266289711,0.07010549306869507,-0.032144736498594284,0.20659634470939636,-0.013542402535676956,0.043495260179042816,0.09168794751167297,-0.026347961276769638,-0.10217151790857315,-0.027584446594119072,-0.19059918820858002,-0.08362110704183578,0.028753843158483505,-0.03775786608457565,0.06194804608821869,0.14942803978919983,-0.17572630941867828,0.16821439564228058,0.03772223740816116,-0.07276983559131622,0.04659426584839821,0.10301690548658371,-0.11228137463331223,-0.11446301639080048,0.1476123183965683,-0.2544610798358917,0.10023050755262375,0.1734045445919037,0.12140348553657532,0.20247796177864075,0.12476299703121185,0.05964767187833786,0.045983538031578064,0.02117905020713806,-0.13579700887203217,-0.010407687164843082,0.05302608013153076,-0.0712762400507927,0.07724488526582718,0.0321708619594574,0.0
2,-0.11269833892583847,0.05290579795837402,0.00908894557505846,-0.04208550974726677,-0.05892821401357651,0.07879966497421265,-0.06694480776786804,-0.05649178475141525,0.1945360153913498,-0.13502493500709534,0.17554190754890442,-0.014187493361532688,-0.20937839150428772,-0.10562106966972351,-0.003094425890594721,0.08451659232378006,-0.12680694460868835,-0.16314002871513367,-0.023696575313806534,-0.08398197591304779,0.016710706055164337,-0.018661830574274063,0.003537511918693781,0.073565773665905,-0.19640855491161346,-0.4275917112827301,-0.06761839985847473,-0.08335485309362411,0.0338795967400074,-0.13833589851856232,-9.636767208576202e-05,0.055437006056308746,-0.21936418116092682,-0.003563821315765381,-0.06025869399309158,0.060981202870607376,0.030400481075048447,0.010824542492628098,0.17094339430332184,0.07783054560422897,-0.16631895303726196,-0.07037317752838135,-0.0035610683262348175,0.30635833740234375,0.2088056355714798,0.01365463063120842,0.005293829366564751,0.014902355149388313,0.0423942469060421,-0.2286667674779892,0.020295117050409317,0.13571378588676453,0.08121281117200851,-0.010744617320597172,0.01606142520904541,-0.08610862493515015,-0.05985264480113983,0.11486494541168213,-0.14796051383018494,0.0968732088804245,-0.00896347127854824,-0.10133679211139679,-0.06652747094631195,0.012006677687168121,0.29087790846824646,0.08591165393590927,-0.1017688661813736,-0.10803060978651047,0.22193582355976105,-0.14097809791564941,-0.019802290946245193,0.00010048598051071167,-0.08249767869710922,-0.19214729964733124,-0.2700420320034027,0.09567312151193619,0.418935090303421,0.17239052057266235,-0.20547722280025482,0.09044977277517319,-0.11680009961128235,-0.022297553718090057,0.069271519780159,0.09639658033847809,-0.0967581570148468,0.04388241469860077,-0.056001901626586914,0.06691836565732956,0.19296638667583466,0.08313663303852081,-0.040542662143707275,0.21476665139198303,-0.009718058630824089,0.042959243059158325,0.09026026725769043,-0.024974718689918518,-0.09756340086460114,-0.03230110928416252,-0.1922694891691208,-0.08180678635835648,0.028025638312101364,-0.03983549773693085,0.05992477387189865,0.1419140249490738,-0.17265915870666504,0.1752481609582901,0.03844630718231201,-0.06480768322944641,0.05788729712367058,0.11262068152427673,-0.11750907450914383,-0.11220671236515045,0.15149855613708496,-0.25166746973991394,0.10040838271379471,0.16828209161758423,0.13514845073223114,0.19078636169433594,0.1329134702682495,0.06309781223535538,0.05081227421760559,0.018455177545547485,-0.12880189716815948,-0.01355468574911356,0.043952591717243195,-0.07102636247873306,0.08056368678808212,0.028384756296873093,0.0
3,-0.10520069301128387,0.05756530165672302,0.007230706047266722,-0.04645758122205734,-0.055668801069259644,0.06998923420906067,-0.06328027695417404,-0.06259765475988388,0.1999874711036682,-0.13518930971622467,0.17067086696624756,-0.012574532069265842,-0.20449206233024597,-0.10272708535194397,0.005920493975281715,0.07249793410301208,-0.12778794765472412,-0.16455304622650146,-0.027180686593055725,-0.07850979268550873,0.024267252534627914,-0.01925801672041416,0.00935770571231842,0.07362870126962662,-0.2062523066997528,-0.4169689416885376,-0.0645512118935585,-0.09114611893892288,0.04080075025558472,-0.13075363636016846,-0.004656059667468071,0.05245194211602211,-0.22100862860679626,-0.011938169598579407,-0.06070283055305481,0.05736228823661804,0.03570188209414482,0.005738358944654465,0.1790536344051361,0.0682859942317009,-0.17456085979938507,-0.08395268768072128,-0.003530135378241539,0.2883889973163605,0.20748548209667206,0.015524269081652164,0.009041491895914078,0.009807141497731209,0.043796151876449585,-0.22776436805725098,0.030668767169117928,0.13273683190345764,0.0810626819729805,-0.012566781602799892,0.02263534627854824,-0.09829127788543701,-0.057028159499168396,0.10570080578327179,-0.1561368703842163,0.0861043632030487,-0.005263489671051502,-0.08836980909109116,-0.058457471430301666,0.013923048041760921,0.292975515127182,0.08301680535078049,-0.09901080280542374,-0.10146472603082657,0.22407226264476776,-0.14301511645317078,-0.018027015030384064,0.0017268909141421318,-0.07614311575889587,-0.19121773540973663,-0.2708094120025635,0.09110403060913086,0.4196779131889343,0.17683765292167664,-0.19938187301158905,0.09489704668521881,-0.12482830137014389,-0.03594954311847687,0.06501402705907822,0.08828466385602951,-0.10271477699279785,0.055952198803424835,-0.053859662264585495,0.06896647810935974,0.1929807960987091,0.08254745602607727,-0.03727300837635994,0.21507515013217926,-0.010938065126538277,0.04024236276745796,0.0908457338809967,-0.02275167778134346,-0.10528269410133362,-0.024938248097896576,-0.18867385387420654,-0.07283107936382294,0.036684710532426834,-0.0361923985183239,0.06245395541191101,0.1530977487564087,-0.17779909074306488,0.1684848666191101,0.03293660655617714,-0.07451970875263214,0.05329100042581558,0.10681901127099991,-0.12127909809350967,-0.12110559642314911,0.14978168904781342,-0.2477015256881714,0.08953781425952911,0.1584988534450531,0.1294892281293869,0.1939108967781067,0.13278931379318237,0.06317705661058426,0.05888623371720314,0.020382985472679138,-0.13819128274917603,-0.013367226347327232,0.05289994552731514,-0.07198090851306915,0.08571372926235199,0.036265138536691666,0.0
4,-0.07537651807069778,0.07731721550226212,0.02782480977475643,-0.03044285997748375,-0.08531396090984344,0.0712238997220993,-0.09273015707731247,-0.05859149992465973,0.2084784209728241,-0.1251009851694107,0.1707850694656372,-0.00624579843133688,-0.18440218269824982,-0.11623211205005646,0.032913144677877426,0.10135053843259811,-0.14295364916324615,-0.16627907752990723,-0.012183157727122307,-0.09422866255044937,0.01496992725878954,3.6451034247875214e-05,0.009784085676074028,0.06648191064596176,-0.210527703166008,-0.4302240014076233,-0.04774358496069908,-0.10678263008594513,0.05480634421110153,-0.1347460299730301,-0.03661669045686722,0.02499200962483883,-0.2611681818962097,-0.03289263695478439,-0.04540586844086647,0.07654134184122086,0.02434433251619339,-0.02552764303982258,0.13624314963817596,0.05758653208613396,-0.16512608528137207,-0.06606490910053253,-0.014911327511072159,0.24693898856639862,0.18863479793071747,0.024073749780654907,0.012518773786723614,0.01195614505559206,0.05998066067695618,-0.21764309704303741,0.04896444082260132,0.1302655190229416,0.04925309866666794,0.004376059398055077,0.03363658860325813,-0.09845741838216782,-0.039400614798069,0.08222243934869766,-0.14539289474487305,0.0632471889257431,0.013486944139003754,-0.056900572031736374,-0.06371978670358658,0.009203172288835049,0.27479884028434753,0.08382675796747208,-0.07027888298034668,-0.09094709157943726,0.17533257603645325,-0.13210958242416382,-0.024685392156243324,-0.010544226504862309,-0.06846722960472107,-0.17079035937786102,-0.28065773844718933,0.08345568180084229,0.43021318316459656,0.16123127937316895,-0.2319108545780182,0.07001258432865143,-0.089312344789505,-0.018779434263706207,0.09064731746912003,0.07395511865615845,-0.07142748683691025,0.06381834298372269,-0.0687948539853096,0.08435428142547607,0.1981726735830307,0.06810712814331055,-0.023119037970900536,0.20819862186908722,-0.019136451184749603,0.04944576323032379,0.09491079300642014,0.0026477589271962643,-0.09684176743030548,-0.03229942172765732,-0.1651412546634674,-0.07365062832832336,0.07472772896289825,-0.02090204879641533,0.016483867540955544,0.1377943605184555,-0.1836990863084793,0.1687338501214981,0.04162653908133507,-0.07580886781215668,0.049115899950265884,0.09981349855661392,-0.12207762151956558,-0.10733281821012497,0.14730770885944366,-0.23000656068325043,0.13026770949363708,0.16142511367797852,0.07696103304624557,0.2011808604001999,0.09478779137134552,0.06671759486198425,0.02149873785674572,-0.01004636287689209,-0.12675850093364716,-0.0626874640583992,0.037340011447668076,-0.06225724518299103,0.0771067664027214,0.027605725452303886,0.0
5,-0.09633620828390121,0.10671328753232956,0.01195649616420269,-0.04934380203485489,-0.05367062985897064,0.06720620393753052,-0.08208705484867096,-0.06990464776754379,0.20202183723449707,-0.14278379082679749,0.19389404356479645,0.010510536842048168,-0.19744762778282166,-0.08232308179140091,-0.017796315252780914,0.052258506417274475,-0.13397283852100372,-0.15680673718452454,-0.031192569062113762,-0.09433763474225998,-0.02845855988562107,-0.02212974987924099,-0.0005820410442538559,0.03993992134928703,-0.20398660004138947,-0.4041469395160675,-0.06787988543510437,-0.0716690644621849,0.025908758863806725,-0.12639497220516205,0.002627684734761715,0.04027288034558296,-0.191160649061203,-0.023961642757058144,-0.06541378796100616,0.03950567543506622,0.003739644307643175,0.024762630462646484,0.15366025269031525,0.07923142611980438,-0.14816737174987793,-0.062358275055885315,0.007085740566253662,0.3343304991722107,0.23774878680706024,0.05264723673462868,-0.010893736034631729,0.006482364609837532,0.05974019691348076,-0.23691426217556,0.0179009810090065,0.13188865780830383,0.06897713989019394,0.004756673239171505,0.04652605950832367,-0.0792461484670639,-0.0584590882062912,0.09564311057329178,-0.1527133285999298,0.07500891387462616,-0.017611823976039886,-0.07194025814533234,-0.03367558494210243,0.0047381785698235035,0.2994285821914673,0.09927546977996826,-0.0964498296380043,-0.06944215297698975,0.20083244144916534,-0.15112291276454926,-0.022737860679626465,0.009852256625890732,-0.05005795508623123,-0.20251154899597168,-0.24085105955600739,0.09543981403112411,0.3991818428039551,0.2052055299282074,-0.15079782903194427,0.07158952206373215,-0.1053008884191513,-0.05358249694108963,0.07029914855957031,0.05036305636167526,-0.12672176957130432,0.026675943285226822,-0.05128083378076553,0.05068720877170563,0.21440543234348297,0.07949607074260712,-0.0574224554002285,0.20638111233711243,-0.03341791778802872,0.019543029367923737,0.08952675014734268,0.0007821157341822982,-0.14129549264907837,-0.005745898000895977,-0.1988939493894577,-0.09537722170352936,0.05872131511569023,-0.05440686643123627,0.0651547908782959,0.12740035355091095,-0.1714090257883072,0.1695261001586914,0.03200111538171768,-0.05149318277835846,0.05870998278260231,0.09890557825565338,-0.1077389344573021,-0.10275153815746307,0.16669408977031708,-0.24947156012058258,0.11807022988796234,0.14961311221122742,0.10745204240083694,0.1983875185251236,0.14156079292297363,0.02951270528137684,0.03311115503311157,0.008671944960951805,-0.07952792942523956,-0.05014389008283615,0.024371573701500893,-0.06161203235387802,0.12260118126869202,0.02318030223250389,0.0
6,-0.12139357626438141,0.0602177269756794,-0.03013291209936142,-0.07401823997497559,-0.07646702975034714,0.06811931729316711,-0.07925638556480408,-0.055735647678375244,0.2286776751279831,-0.14079639315605164,0.1576324999332428,0.0016502286307513714,-0.17160940170288086,-0.07840820401906967,0.01404294278472662,0.058147188276052475,-0.14363552629947662,-0.16661502420902252,-0.0014468729496002197,-0.07745669782161713,-0.016085127368569374,-0.0031402832828462124,-0.010112765245139599,0.08604481816291809,-0.21638089418411255,-0.3770816922187805,-0.05052318423986435,-0.0938955694437027,0.04833725094795227,-0.15191751718521118,0.004737507551908493,0.0618274062871933,-0.21140970289707184,-0.019411049783229828,-0.03173825889825821,0.08481971174478531,0.023854613304138184,-0.0005213702097535133,0.17375712096691132,0.05934002622961998,-0.1890154927968979,-0.0689394548535347,0.01882472261786461,0.28518596291542053,0.19734597206115723,0.043678946793079376,-0.04343968257308006,-0.0035810545086860657,0.12551067769527435,-0.25222155451774597,0.023266930133104324,0.12428468465805054,0.023504503071308136,-0.019446616992354393,0.062362078577280045,-0.09148833155632019,-0.040931425988674164,0.09421799331903458,-0.15677601099014282,0.07712095230817795,-0.016522247344255447,-0.06551754474639893,-0.028133530169725418,-0.024774296209216118,0.2615866959095001,0.0906190350651741,-0.08219911903142929,-0.0822715014219284,0.18810147047042847,-0.1573169231414795,-0.03875533491373062,0.062305718660354614,-0.03140394762158394,-0.19203148782253265,-0.24956171214580536,0.07243244349956512,0.4039149880409241,0.19867059588432312,-0.140055313706398,0.08693978190422058,-0.052548348903656006,-0.07018638402223587,0.06861861050128937,0.07777762413024902,-0.11178243160247803,0.032903317362070084,-0.03792181983590126,0.04721727967262268,0.24217665195465088,0.1183820590376854,-0.026943117380142212,0.20546318590641022,-0.03593490272760391,0.06172535568475723,0.07636049389839172,0.014916588552296162,-0.13469412922859192,-0.04248936101794243,-0.17892241477966309,-0.09662776440382004,0.07859288901090622,-0.032896656543016434,0.055017806589603424,0.17367029190063477,-0.1905907243490219,0.16560685634613037,0.008253865875303745,-0.06729639321565628,0.05185186490416527,0.12034294754266739,-0.08152349293231964,-0.07292133569717407,0.1364886462688446,-0.242513969540596,0.1222914308309555,0.1226019486784935,0.09919235855340958,0.17451298236846924,0.11230416595935822,0.022153478115797043,0.02138959988951683,0.009032540023326874,-0.11631018668413162,-0.0693235844373703,0.04182107746601105,-0.07559391111135483,0.11046109348535538,0.008381941355764866,0.0
7,-0.11629540473222733,0.028634781017899513,0.02553652599453926,-0.04005921632051468,-0.07105465978384018,0.032011646777391434,-0.02213241718709469,-0.09179524332284927,0.24015545845031738,-0.04155188798904419,0.2312890887260437,-0.035465024411678314,-0.19826698303222656,-0.12743818759918213,-0.01276719942688942,0.07526351511478424,-0.10561676323413849,-0.1310860514640808,-0.00709277018904686,-0.13799752295017242,0.0163952074944973,0.020609376952052116,0.0001802640617825091,0.07589085400104523,-0.23353996872901917,-0.3580986559391022,-0.08720283210277557,-0.15691986680030823,0.0035173315554857254,-0.10684096813201904,-0.040402114391326904,0.12834565341472626,-0.22319941222667694,-0.038176171481609344,-0.0058725979179143906,0.07184828817844391,-0.0013528454583138227,0.010811456479132175,0.1456194818019867,0.038349539041519165,-0.13029345870018005,-0.038725677877664566,-0.001643417403101921,0.23061203956604004,0.1855752170085907,0.026381582021713257,-0.008695349097251892,-0.07220427691936493,0.043714605271816254,-0.13838879764080048,0.10580861568450928,0.1937098503112793,0.05563592165708542,0.018411409109830856,0.027414415031671524,-0.13223305344581604,-0.08520817756652832,0.09218020737171173,-0.19949863851070404,0.027291275560855865,-0.015544023364782333,-0.07986397296190262,-0.1148647889494896,-0.06418891251087189,0.20619414746761322,0.15989957749843597,-0.0653744637966156,-0.11783032864332199,0.2530616819858551,-0.12245327979326248,-0.032087232917547226,0.039704274386167526,-0.14046907424926758,-0.1948724091053009,-0.2520122528076172,0.09752653539180756,0.4378383457660675,0.11065775156021118,-0.17481279373168945,0.1032232791185379,-0.12770697474479675,-0.05194501206278801,0.023077866062521935,0.03977155685424805,-0.08526089787483215,0.0314096063375473,-0.004189878702163696,0.08940079808235168,0.14305493235588074,0.05144242197275162,-0.027705378830432892,0.18556831777095795,-0.051009468734264374,0.030512735247612,0.08800525963306427,-0.018251335248351097,-0.045034464448690414,0.003020455129444599,-0.12784844636917114,-0.07276837527751923,0.032677099108695984,-0.07132770121097565,0.03985997289419174,0.09154374897480011,-0.21806028485298157,0.15908779203891754,0.09352515637874603,-0.06718242913484573,0.01048999186605215,0.027852026745676994,-0.06398855149745941,-0.03459133207798004,0.18722835183143616,-0.3097858130931854,0.2130301594734192,0.08315655589103699,0.09529893100261688,0.23792916536331177,0.03154778480529785,0.08551692217588425,-0.0020776111632585526,-0.07380548864603043,-0.15208418667316437,-0.0012020317371934652,0.07492975145578384,-0.041828446090221405,0.07491648942232132,0.07093599438667297,1.0
8,-0.08733859658241272,0.04358355328440666,0.029483476653695107,-0.03263196349143982,-0.07041792571544647,0.03078237920999527,-0.031236177310347557,-0.08870194852352142,0.25103759765625,-0.048977483063936234,0.20965547859668732,-0.03912216052412987,-0.20389969646930695,-0.1260061413049698,-0.025802385061979294,0.07024630159139633,-0.10959555953741074,-0.1370498389005661,-0.01617647148668766,-0.1307724565267563,0.006533085368573666,0.010532353073358536,0.006863349582999945,0.07344736158847809,-0.23490241169929504,-0.36298927664756775,-0.06651777029037476,-0.17047956585884094,-0.00644315779209137,-0.10348070412874222,-0.039930522441864014,0.1453547328710556,-0.21469178795814514,-0.03834666684269905,-0.034929659217596054,0.060112662613391876,0.016479678452014923,0.03247125819325447,0.14503543078899384,0.032618142664432526,-0.14973993599414825,-0.03683343902230263,-0.0017005614936351776,0.22894524037837982,0.206128790974617,0.027670947834849358,-0.0019314438104629517,-0.05892764776945114,0.05433511361479759,-0.14644686877727509,0.08959678560495377,0.19549700617790222,0.06652793288230896,-0.004068506881594658,0.035320963710546494,-0.13013982772827148,-0.09812650084495544,0.0941939726471901,-0.1891828328371048,0.026553578674793243,-0.007867062464356422,-0.04700016602873802,-0.11180303245782852,-0.05304362624883652,0.21308328211307526,0.1420852243900299,-0.07054831832647324,-0.08129612356424332,0.24799132347106934,-0.13033850491046906,-0.017903326079249382,0.0430060476064682,-0.140119269490242,-0.19147956371307373,-0.24550095200538635,0.08677566051483154,0.44553419947624207,0.10174143314361572,-0.1579112559556961,0.09772913157939911,-0.13200081884860992,-0.05326451361179352,0.015318039804697037,0.019738027825951576,-0.11072432994842529,0.032865285873413086,-0.005424941889941692,0.09396324306726456,0.14530837535858154,0.06146085262298584,-0.014541077427566051,0.18021656572818756,-0.05039002746343613,0.019946623593568802,0.06858812272548676,-0.025021402165293694,-0.04689262807369232,0.007716438267379999,-0.14349737763404846,-0.06411007046699524,0.03478498011827469,-0.07483606040477753,0.03199782967567444,0.07823317497968674,-0.2211916744709015,0.13687537610530853,0.09163875877857208,-0.060065872967243195,0.021187927573919296,0.04046567156910896,-0.07345306873321533,-0.038193292915821075,0.21011506021022797,-0.28313693404197693,0.1814763844013214,0.07553207874298096,0.0924418568611145,0.21784882247447968,0.041107263416051865,0.07651177793741226,-0.004956735298037529,-0.07597367465496063,-0.15398259460926056,-0.002286426490172744,0.08896320313215256,-0.06320519745349884,0.08401879668235779,0.06434287130832672,1.0
9,-0.1105271503329277,0.04120141640305519,0.010551771149039268,-0.05639097839593887,-0.04408923536539078,0.012893501669168472,-0.009475380182266235,-0.093778096139431,0.23303553462028503,-0.06292084604501724,0.18313682079315186,0.013404837809503078,-0.17951972782611847,-0.10746686160564423,-0.019003411754965782,0.0644497275352478,-0.15293601155281067,-0.16205011308193207,0.003586284816265106,-0.07446949183940887,0.02687419205904007,0.023424474522471428,0.00724626611918211,0.09413076192140579,-0.22051511704921722,-0.3811857998371124,-0.07958154380321503,-0.17022140324115753,0.016993369907140732,-0.05897541344165802,-0.021114174276590347,0.12480949610471725,-0.21493731439113617,0.002658287063241005,-0.03562244400382042,0.060953378677368164,-0.04177366942167282,0.010105143301188946,0.179630309343338,0.07844268530607224,-0.170904740691185,-0.07633403688669205,-0.023557020351290703,0.22779053449630737,0.20788757503032684,-0.003817375749349594,0.028567496687173843,-0.08268677443265915,0.06221082806587219,-0.2064570039510727,0.06055222451686859,0.19755099713802338,0.03666031360626221,0.04879342019557953,0.03850221261382103,-0.17182610929012299,-0.07689375430345535,0.060742489993572235,-0.193681001663208,0.050001248717308044,-0.07953980565071106,-0.06656306982040405,-0.08823525905609131,-0.05820351094007492,0.2346218377351761,0.14708033204078674,-0.09711609780788422,-0.0997934564948082,0.27429187297821045,-0.16010616719722748,-0.0371655635535717,0.07517873495817184,-0.10665152966976166,-0.20914117991924286,-0.2510049343109131,0.049872033298015594,0.394939124584198,0.1153874546289444,-0.15182188153266907,0.09600912779569626,-0.1559768170118332,-0.07140717655420303,0.0204808097332716,0.08287275582551956,-0.0895649790763855,0.05304206162691116,-0.014445883221924305,0.053553637117147446,0.16038700938224792,0.04837857931852341,-0.027039475739002228,0.21069428324699402,-0.051865577697753906,0.08089563995599747,0.08540073782205582,0.018745990470051765,-0.06355530768632889,0.0013514342717826366,-0.13554337620735168,-0.0590263307094574,0.02341918647289276,-0.07143743336200714,0.01850612461566925,0.11385878175497055,-0.1842644363641739,0.16691330075263977,0.0748007744550705,-0.04856882989406586,0.015035207383334637,0.013879112899303436,-0.08040443062782288,-0.053157854825258255,0.1791391670703888,-0.28546521067619324,0.21786661446094513,0.10144740343093872,0.05736272782087326,0.22286301851272583,0.04570939391851425,0.05739067494869232,-0.04178418219089508,-0.09353268891572952,-0.18851564824581146,0.02847803756594658,0.07584138959646225,-0.05514463037252426,0.01836097426712513,0.039122600108385086,1.0
10,-0.09771741181612015,0.06973882019519806,0.058278728276491165,-0.05038783326745033,-0.0664382204413414,0.047372955828905106,-0.04342419654130936,-0.03780166059732437,0.19233550131320953,-0.026388999074697495,0.20491474866867065,0.03964075446128845,-0.23715361952781677,-0.11292237043380737,-0.0558713898062706,0.044043973088264465,-0.13446810841560364,-0.13530662655830383,0.04752876237034798,-0.06146818399429321,0.030556274577975273,0.07238426059484482,0.010448125191032887,0.043194618076086044,-0.20579633116722107,-0.32580074667930603,-0.024194948375225067,-0.13521410524845123,-0.0527973547577858,-0.07367213815450668,-0.016619423404335976,0.11107736080884933,-0.20812298357486725,-0.04921562969684601,0.027415983378887177,0.11353025585412979,-0.026362692937254906,0.03435151278972626,0.18757055699825287,0.05860571935772896,-0.14544594287872314,-0.03789784759283066,0.0020312322303652763,0.2827492654323578,0.17372433841228485,0.011233611963689327,-0.03679119050502777,-0.06419689953327179,0.10922601819038391,-0.2567483186721802,0.10130070894956589,0.2052251696586609,0.08729682862758636,0.04963209480047226,0.053836554288864136,-0.17512373626232147,-0.05935288965702057,0.12799464166164398,-0.17112590372562408,0.0709187313914299,-0.08342615514993668,-0.08717432618141174,0.013043261133134365,-0.06586779654026031,0.20067252218723297,0.06948833167552948,-0.11597448587417603,-0.040876954793930054,0.17066636681556702,-0.07188745588064194,-0.02243000827729702,0.11294569075107574,-0.10255095362663269,-0.2249610424041748,-0.2256700098514557,0.1325683891773224,0.38470736145973206,0.11268067359924316,-0.16175143420696259,0.042589616030454636,-0.09287521988153458,-0.08370424807071686,-0.002940400503575802,0.0598846897482872,-0.08273567259311676,0.03872377425432205,-0.016469057649374008,0.07557562738656998,0.1736954301595688,0.02864241972565651,-0.03606734797358513,0.23247794806957245,-0.06743767857551575,0.08516474813222885,0.08814637362957001,0.04561819136142731,-0.054505810141563416,0.030907947570085526,-0.15648233890533447,-0.024633314460515976,0.054665662348270416,-0.15498405694961548,0.034884192049503326,0.10082609206438065,-0.2157008796930313,0.07585832476615906,0.042687978595495224,-0.06956243515014648,0.013798782601952553,-0.022114675492048264,-0.08530555665493011,-0.02193203568458557,0.20136399567127228,-0.3042583465576172,0.28171610832214355,0.10230164229869843,0.051816534250974655,0.23685672879219055,0.06407293677330017,0.0130465654656291,0.00014119409024715424,-0.12505093216896057,-0.08547312021255493,-0.03367549180984497,0.09943010658025742,-0.020336046814918518,0.08186562359333038,0.018197251483798027,1.0
11,-0.0839027687907219,0.05160801112651825,0.05228254571557045,-0.03725447133183479,-0.09639793634414673,0.012997670099139214,-0.04948468506336212,-0.07709601521492004,0.23461292684078217,-0.07096253335475922,0.18003274500370026,-0.040917303413152695,-0.19302691519260406,-0.0800265520811081,-0.04009445011615753,0.026008427143096924,-0.12584954500198364,-0.15131241083145142,-0.008698223158717155,-0.0746191143989563,0.07169137895107269,-0.00446038693189621,-0.011553822085261345,0.06460531800985336,-0.24104252457618713,-0.3988554775714874,-0.10151439905166626,-0.12986837327480316,0.04612991213798523,-0.03913922607898712,-0.03047211654484272,0.08739627152681351,-0.21219438314437866,-0.041206106543540955,-0.010408488102257252,0.10940952599048615,-0.025412771850824356,0.033007048070430756,0.1591688096523285,0.031045764684677124,-0.19062140583992004,0.010181817226111889,-0.0017655696719884872,0.25060853362083435,0.18482279777526855,0.06323399394750595,0.01997142657637596,-0.08496501296758652,0.09084751456975937,-0.18048696219921112,0.10924903303384781,0.262850821018219,0.11225314438343048,0.04893801733851433,0.08811648190021515,-0.11678369343280792,-0.06778924912214279,0.14233118295669556,-0.17808011174201965,0.06610548496246338,-0.015462895855307579,-0.0068542324006557465,-0.054150376468896866,-0.08410714566707611,0.18564260005950928,0.10931529104709625,-0.11331571638584137,-0.08097156137228012,0.2201167196035385,-0.15005537867546082,-0.04385341331362724,0.060927994549274445,-0.12748464941978455,-0.21211351454257965,-0.25068071484565735,0.08620107918977737,0.47163093090057373,0.14436346292495728,-0.18200242519378662,0.07131313532590866,-0.11494262516498566,-0.07417663186788559,0.021615654230117798,0.06557103991508484,-0.1089906394481659,0.05290759354829788,-0.022649049758911133,0.09311740100383759,0.15099398791790009,0.02427467331290245,0.02272297628223896,0.2105574905872345,-0.00576908141374588,0.07664194703102112,0.03351331502199173,0.011106717400252819,-0.10867395251989365,0.010869158431887627,-0.15989640355110168,-0.06755909323692322,0.057430729269981384,-0.039031777530908585,0.022548407316207886,0.08400782942771912,-0.21783940494060516,0.1793006956577301,0.0801948606967926,-0.06238381937146187,0.010822108946740627,0.02813347615301609,-0.07819373905658722,-0.03762797266244888,0.19542576372623444,-0.29087015986442566,0.1861310452222824,0.1176852136850357,0.07324042171239853,0.2000991553068161,0.07984449714422226,0.02530059590935707,0.026339691132307053,-0.0922611877322197,-0.15864881873130798,-0.027211366221308708,0.05308832973241806,-0.06820949167013168,0.030077502131462097,0.030642956495285034,1.0
12,-0.11321619898080826,0.00791282020509243,-0.004093025345355272,-0.037418756633996964,-0.06585408002138138,0.03779730573296547,-0.013695873320102692,-0.08257876336574554,0.24827754497528076,-0.05000680685043335,0.21289277076721191,-0.000626271590590477,-0.1431841403245926,-0.11028194427490234,-0.030204176902770996,0.08967210352420807,-0.15125881135463715,-0.14227335155010223,0.01040789857506752,-0.10262610763311386,0.010840453207492828,0.030981849879026413,0.003618412185460329,0.09117825329303741,-0.23248152434825897,-0.37926629185676575,-0.06790784746408463,-0.17551180720329285,0.05227791517972946,-0.13421525061130524,-0.028482168912887573,0.1411166936159134,-0.22556984424591064,0.01632578670978546,-0.030219117179512978,0.05005858093500137,0.006584454327821732,0.015100332908332348,0.14457912743091583,0.06210194528102875,-0.1611996293067932,-0.06119922548532486,-0.030919235199689865,0.2264387607574463,0.20664647221565247,0.0027186651714146137,-0.009391017258167267,-0.05196327343583107,0.05435100570321083,-0.17044790089130402,0.07216424494981766,0.14237399399280548,0.01721467450261116,0.022841494530439377,0.018366128206253052,-0.14735525846481323,-0.10410094261169434,0.07601673901081085,-0.19205468893051147,0.05759292468428612,-0.06635290384292603,-0.07507412135601044,-0.08882544934749603,-0.03655290976166725,0.22799868881702423,0.1511731594800949,-0.08245177567005157,-0.102289117872715,0.2497304081916809,-0.14891666173934937,-0.024765748530626297,0.03270624577999115,-0.09836424142122269,-0.19865480065345764,-0.26231932640075684,0.07016722857952118,0.40210533142089844,0.10185642540454865,-0.176662415266037,0.11167256534099579,-0.09860441088676453,-0.044269610196352005,0.04872434586286545,0.08185113221406937,-0.08555559813976288,0.04583892226219177,-0.008708959445357323,0.062160223722457886,0.14901070296764374,0.07372039556503296,-0.03743793070316315,0.20601798593997955,-0.09607486426830292,0.06626474857330322,0.08417434990406036,0.018214333802461624,-0.04681316763162613,0.0019513359293341637,-0.1055351123213768,-0.06457151472568512,0.029195886105298996,-0.04162207618355751,0.028023451566696167,0.12067455053329468,-0.16773945093154907,0.16801196336746216,0.06926065683364868,-0.029031842947006226,0.02503931149840355,0.048285506665706635,-0.058876655995845795,-0.046005863696336746,0.15921469032764435,-0.2994903326034546,0.23617802560329437,0.08977988362312317,0.07103068381547928,0.23657354712486267,0.027273554354906082,0.056983303278684616,-0.014185545034706593,-0.05949351564049721,-0.16667544841766357,0.033407241106033325,0.079690121114254,-0.0794551819562912,0.04207190126180649,0.051491230726242065,1.0
13,-0.07666939496994019,0.01519655343145132,0.011069804430007935,-0.04603295028209686,-0.06674669682979584,0.03567691892385483,-0.008883081376552582,-0.08098769187927246,0.24519826471805573,-0.04619855061173439,0.18917658925056458,-0.00781678780913353,-0.18310308456420898,-0.1290673166513443,-0.02232324704527855,0.06727679818868637,-0.12874482572078705,-0.14547359943389893,-0.003472406417131424,-0.10500770807266235,0.019944943487644196,0.005646201781928539,0.017082568258047104,0.07576297968626022,-0.2549538016319275,-0.3665563464164734,-0.09079362452030182,-0.16464824974536896,0.018277179449796677,-0.11385875195264816,-0.05227253586053848,0.14338023960590363,-0.22212952375411987,-0.021534470841288567,-0.04157092049717903,0.05430234968662262,0.002248840406537056,0.011123105883598328,0.15098358690738678,0.06599263101816177,-0.15131714940071106,-0.057077642530202866,-0.014728633686900139,0.22978690266609192,0.22204554080963135,0.000999455456621945,0.007953450083732605,-0.05233897268772125,0.03983602672815323,-0.17453961074352264,0.10640577971935272,0.17816266417503357,0.04045218229293823,0.030942073091864586,0.03221707046031952,-0.12108854204416275,-0.08882907032966614,0.10337675362825394,-0.20571577548980713,0.041448306292295456,-0.029046829789876938,-0.04989045485854149,-0.10343334078788757,-0.0403752401471138,0.21763630211353302,0.168996199965477,-0.07619327306747437,-0.1007440835237503,0.26483914256095886,-0.1436806470155716,-0.03341718763113022,0.023915808647871017,-0.12103292346000671,-0.18543869256973267,-0.26145368814468384,0.07036744058132172,0.41541939973831177,0.12366854399442673,-0.16592974960803986,0.10109361261129379,-0.15159647166728973,-0.055166132748126984,0.04135563224554062,0.031685858964920044,-0.09455946087837219,0.04925944283604622,-0.008884883485734463,0.0970352292060852,0.14016081392765045,0.07014782726764679,-0.028262540698051453,0.19666074216365814,-0.04999393969774246,0.038660116493701935,0.09172960370779037,0.007856752723455429,-0.04301063343882561,0.015534473583102226,-0.14500489830970764,-0.05086791515350342,0.03501325100660324,-0.06472648680210114,0.03494725376367569,0.11435937136411667,-0.19162046909332275,0.16506540775299072,0.0953444167971611,-0.0547315888106823,0.020559217780828476,0.015701692551374435,-0.08446972072124481,-0.03630860894918442,0.1802443116903305,-0.3074401021003723,0.19639696180820465,0.08137937635183334,0.07421199977397919,0.2113572657108307,0.033687151968479156,0.06502518057823181,-0.00952080450952053,-0.09796620905399323,-0.17480018734931946,0.029762864112854004,0.08394989371299744,-0.06342432647943497,0.05841135233640671,0.07337307929992676,1.0
14,-0.08032367378473282,0.05779877305030823,0.030212335288524628,-0.014710081741213799,-0.11406153440475464,0.02707209438085556,-0.025615785270929337,-0.06577478349208832,0.22605520486831665,-0.06903541088104248,0.16500525176525116,-0.033742696046829224,-0.18635565042495728,-0.07545121014118195,-0.048035457730293274,0.07292142510414124,-0.13735008239746094,-0.1851404309272766,0.0010531377047300339,-0.07104740291833878,0.07917574048042297,0.02106054127216339,-0.014868777245283127,0.08997068554162979,-0.2563551366329193,-0.40648648142814636,-0.08903864771127701,-0.13556817173957825,0.0018494166433811188,-0.0800224021077156,-0.06791630387306213,0.09867154806852341,-0.1951509416103363,-0.01870599202811718,0.004180321469902992,0.0878497064113617,-0.01799633726477623,-0.001752026379108429,0.1585012972354889,0.07557836920022964,-0.20237086713314056,0.024256177246570587,-0.005130307748913765,0.2578132748603821,0.207778200507164,0.032350022345781326,0.0253647118806839,-0.10382415354251862,0.09165313094854355,-0.14094123244285583,0.09785891324281693,0.2635473608970642,0.05741085484623909,0.058961138129234314,0.029072411358356476,-0.11800765991210938,-0.06808869540691376,0.12241139262914658,-0.17643168568611145,0.04299456626176834,0.007042990066111088,-0.04127749800682068,-0.05160696804523468,-0.0607336051762104,0.15939290821552277,0.10345306992530823,-0.08943731337785721,-0.11262558400630951,0.22918671369552612,-0.1587028205394745,-0.05696120113134384,0.02589757740497589,-0.1525685340166092,-0.2146773487329483,-0.22983227670192719,0.07660150527954102,0.465535968542099,0.1397351324558258,-0.1697589010000229,0.08690578490495682,-0.1128888949751854,-0.043412670493125916,0.05390423163771629,0.1039164662361145,-0.0759105309844017,0.03130178153514862,-0.03867926821112633,0.10303068906068802,0.15506571531295776,0.05025458335876465,-0.001852148212492466,0.20836345851421356,-0.010245857760310173,0.06503161042928696,0.08342954516410828,0.028672700747847557,-0.10060311108827591,0.04210139065980911,-0.12917013466358185,-0.05646083503961563,0.017971908673644066,-0.05220744013786316,0.019603541120886803,0.09892444312572479,-0.1858050376176834,0.17593826353549957,0.06709796190261841,-0.023067329078912735,-0.0005091540515422821,0.030339116230607033,-0.07524960488080978,-0.0431976243853569,0.15895500779151917,-0.27367541193962097,0.18119116127490997,0.10945511609315872,0.07328461110591888,0.20612891018390656,0.06762990355491638,0.06010158732533455,0.006496124900877476,-0.09995866566896439,-0.19782404601573944,0.008526752702891827,0.062313977628946304,-0.03764129430055618,0.0479828380048275,0.03993983939290047,1.0
15,-0.09669522941112518,0.0728740245103836,0.055169783532619476,-0.016223164275288582,-0.11879348754882812,0.04054202884435654,-0.0384862944483757,-0.05811562389135361,0.22327294945716858,-0.06487920135259628,0.1603740006685257,-0.004553688690066338,-0.21081048250198364,-0.05011045187711716,-0.07049860805273056,0.07062739133834839,-0.12806904315948486,-0.16020198166370392,-0.006722219288349152,-0.092752605676651,0.06971565634012222,0.041234176605939865,-0.012643926776945591,0.05420195683836937,-0.2785678803920746,-0.38971829414367676,-0.08335436880588531,-0.13137461245059967,-0.02074304409325123,-0.07212718576192856,-0.05120496451854706,0.07169752568006516,-0.18089722096920013,-0.007132774218916893,0.0009940024465322495,0.08665468543767929,-0.0276779867708683,-0.006961711682379246,0.15932726860046387,0.08621860295534134,-0.1912132054567337,0.02911742404103279,-0.002654546871781349,0.2746032178401947,0.19141550362110138,0.03272262215614319,0.03476935625076294,-0.11988323926925659,0.11199294030666351,-0.15909068286418915,0.09438709914684296,0.2529021203517914,0.042601633816957474,0.06583607941865921,0.037569887936115265,-0.11634126305580139,-0.05412029102444649,0.15374858677387238,-0.1816442459821701,0.05671072006225586,0.006775601767003536,-0.056007206439971924,-0.05894741043448448,-0.0638800784945488,0.1611088663339615,0.1051393374800682,-0.10224943608045578,-0.09460750222206116,0.22909915447235107,-0.13302066922187805,-0.04781441017985344,0.040935538709163666,-0.14517685770988464,-0.2252068966627121,-0.22740381956100464,0.09931686520576477,0.4749389886856079,0.1439949870109558,-0.1622333973646164,0.05213535204529762,-0.11431694030761719,-0.04166156053543091,0.05385495349764824,0.10247140377759933,-0.07834233343601227,0.0043776556849479675,-0.03652910515666008,0.11227633059024811,0.17790904641151428,0.036700889468193054,0.002261895453557372,0.20672884583473206,0.010490944609045982,0.053237274289131165,0.055727582424879074,0.0532517209649086,-0.1389884501695633,0.03996686264872551,-0.12419364601373672,-0.05827542394399643,0.04557596892118454,-0.05951494723558426,0.025374237447977066,0.09686345607042313,-0.1973862498998642,0.1887027770280838,0.06929229199886322,-0.05374332517385483,0.005955384112894535,-0.0029436128679662943,-0.05764715000987053,-0.02129788137972355,0.17575305700302124,-0.26803824305534363,0.19778557121753693,0.12012790143489838,0.07631777971982956,0.21865487098693848,0.06414298713207245,0.04232574999332428,-0.004150474444031715,-0.0997050553560257,-0.18731245398521423,-0.012017589993774891,0.056004639714956284,-0.04300088435411453,0.0531901977956295,0.028263505548238754,1.0
16,-0.10450728982686996,0.03623361885547638,0.008240334689617157,-0.026511309668421745,-0.06644292920827866,0.009953789412975311,-0.0052246470004320145,-0.0745784118771553,0.24417684972286224,-0.004057686775922775,0.17448459565639496,0.010854077525436878,-0.20176878571510315,-0.08850746601819992,-0.020808402448892593,0.05163581296801567,-0.12572720646858215,-0.13615401089191437,-0.01876198500394821,-0.09796369075775146,0.029414059594273567,0.015389528125524521,0.023930108174681664,0.07067437469959259,-0.26281896233558655,-0.36874809861183167,-0.10036753118038177,-0.15540368854999542,-0.009817374870181084,-0.09655509144067764,-0.020575612783432007,0.12224160134792328,-0.21706464886665344,-0.03917699307203293,0.0014567878097295761,0.04739092290401459,-0.03190496191382408,0.004570360295474529,0.18171991407871246,0.062067911028862,-0.14547622203826904,-0.06424985080957413,-0.0010009557008743286,0.23561745882034302,0.20269882678985596,0.013931245543062687,0.03092077188193798,-0.08110388368368149,0.04133818671107292,-0.1780291348695755,0.09969710558652878,0.19629794359207153,0.04187411814928055,0.040613532066345215,0.048186108469963074,-0.133493572473526,-0.07628387957811356,0.10980213433504105,-0.21611493825912476,0.05291071906685829,-0.03797467052936554,-0.06900744140148163,-0.11253193765878677,-0.0454932376742363,0.21164925396442413,0.16016940772533417,-0.08730113506317139,-0.11143818497657776,0.266975998878479,-0.14559374749660492,-0.029704753309488297,0.05709223449230194,-0.10548312962055206,-0.22402039170265198,-0.2575703263282776,0.0634930208325386,0.43701523542404175,0.11665359139442444,-0.17435628175735474,0.0880899429321289,-0.1468876749277115,-0.07632970809936523,0.016910450533032417,0.05918120592832565,-0.10440923273563385,0.05197383835911751,-0.017303496599197388,0.09552253782749176,0.16081911325454712,0.06484129279851913,-0.03615491837263107,0.19961056113243103,-0.027426203712821007,0.0430293008685112,0.09601549804210663,0.019987545907497406,-0.06686796247959137,-0.003364939708262682,-0.138459250330925,-0.06521143764257431,0.04728604108095169,-0.058613378554582596,0.03040064126253128,0.11614339053630829,-0.180925652384758,0.16930672526359558,0.08403755724430084,-0.07468318194150925,-0.00869649276137352,-0.007155450060963631,-0.07492831349372864,-0.04043159633874893,0.18140795826911926,-0.31504133343696594,0.19818156957626343,0.07966653257608414,0.04809175431728363,0.2175881564617157,0.011083783581852913,0.056748416274785995,-0.007428616285324097,-0.07981637120246887,-0.174019455909729,0.020905660465359688,0.06918192654848099,-0.049800846725702286,0.05975163355469704,0.0515403114259243,1.0
17,-0.16373416781425476,0.04598843306303024,0.09876906871795654,-0.02843903750181198,-0.06552162021398544,0.03405369073152542,-0.04575296491384506,-0.03628535196185112,0.1919327825307846,-0.09458468109369278,0.26292476058006287,0.0010961554944515228,-0.1998225897550583,-0.055021800100803375,-0.029516391456127167,0.12315860390663147,-0.021788492798805237,-0.12380102276802063,-0.08449795842170715,-0.10698896646499634,-0.04773477464914322,0.07498908042907715,0.004928468260914087,0.04262523353099823,-0.19587236642837524,-0.37920063734054565,-0.07014866918325424,-0.15251539647579193,-0.02887602150440216,-0.15340426564216614,-0.02989005669951439,0.0579097755253315,-0.17256589233875275,-0.09274094551801682,0.04684621840715408,0.17252019047737122,0.012297000735998154,0.022242136299610138,0.21222595870494843,0.017725497484207153,-0.1200675517320633,0.028822001069784164,0.1239524781703949,0.32387474179267883,0.1021512821316719,0.029073497280478477,0.04338301345705986,-0.04034856706857681,0.12302761524915695,-0.22007477283477783,0.13179336488246918,0.05763985589146614,0.16978317499160767,0.05936121568083763,0.10872752964496613,-0.08918624371290207,-0.01622263714671135,0.14211295545101166,-0.20379580557346344,0.11913809925317764,0.08488345891237259,-0.017665022984147072,-0.11084534227848053,-0.010702325031161308,0.27797961235046387,0.14415517449378967,-0.1181851252913475,-0.09960311651229858,0.1447339802980423,-0.1288684606552124,-0.016504693776369095,0.06529984623193741,-0.09264616668224335,-0.14907869696617126,-0.22722944617271423,0.13267013430595398,0.4257558286190033,0.14514310657978058,-0.22030757367610931,0.06387781351804733,-0.08180953562259674,-0.03948481008410454,0.025681639090180397,0.03037024848163128,-0.057529158890247345,0.04983869940042496,-0.03185591474175453,0.06450896710157394,0.20528782904148102,0.08514896035194397,0.014800417236983776,0.1751238852739334,0.03471417725086212,0.036557137966156006,0.07136037200689316,0.012829179875552654,-0.14077405631542206,-0.0878327488899231,-0.16555742919445038,-0.05307351052761078,-0.006754209287464619,-0.004524700343608856,0.04304496571421623,0.04327932745218277,-0.20513340830802917,0.18872636556625366,-0.012561572715640068,-0.06452437490224838,0.040624573826789856,0.12411636859178543,-0.06200070306658745,-0.07441052049398422,0.15546168386936188,-0.27263200283050537,0.1286879926919937,0.07085542380809784,0.010852886363863945,0.17141905426979065,0.09122952073812485,0.08150902390480042,0.035831909626722336,0.04631590098142624,-0.12723729014396667,-0.08627816289663315,0.059708863496780396,-0.06935309618711472,0.117148257791996,0.039305638521909714,2.0
18,-0.09626836329698563,0.05000368878245354,0.06095808744430542,-0.01600584015250206,-0.014214565977454185,0.03704755753278732,-0.04432598501443863,-0.04034958407282829,0.21882955729961395,-0.06612218171358109,0.22320784628391266,0.013060828670859337,-0.1662832796573639,-0.0789492130279541,3.499537706375122e-05,0.1097484603524208,-0.01625211350619793,-0.13696379959583282,-0.11256106942892075,-0.08691670000553131,-0.03984483331441879,0.07284941524267197,0.012114783748984337,0.01486966758966446,-0.20761148631572723,-0.3705577850341797,-0.07041836529970169,-0.1707516610622406,0.005312163382768631,-0.13870269060134888,-0.04957251623272896,0.08035066723823547,-0.16460999846458435,-0.06498533487319946,0.05924255773425102,0.17710727453231812,0.038067951798439026,0.051862917840480804,0.20533487200737,0.086003378033638,-0.16564399003982544,0.05240122228860855,0.09032231569290161,0.3046970069408417,0.14892788231372833,0.035115908831357956,0.04866652935743332,-0.031173991039395332,0.11207323521375656,-0.18090873956680298,0.14749406278133392,0.07264075428247452,0.18565765023231506,0.0786176547408104,0.10893061757087708,-0.11522027850151062,-0.03942348062992096,0.06838399171829224,-0.19545936584472656,0.10383432358503342,0.09536311030387878,0.003487342968583107,-0.13626429438591003,-0.008096561767160892,0.22219198942184448,0.13753606379032135,-0.13034366071224213,-0.1034974679350853,0.11063538491725922,-0.16525854170322418,-0.004758378490805626,0.09296996891498566,-0.10378696769475937,-0.12366142868995667,-0.22997619211673737,0.1079665794968605,0.4294334650039673,0.11502297222614288,-0.24605496227741241,0.014968575909733772,-0.054496582597494125,-0.057124510407447815,0.0185925904661417,0.043248359113931656,-0.06991357356309891,0.0905054435133934,-0.012959953397512436,0.037246763706207275,0.21090519428253174,0.08304952085018158,0.009854232892394066,0.1562497764825821,-0.0009425003081560135,0.05014840513467789,0.03975224494934082,0.03171767666935921,-0.10549809783697128,-0.10244263708591461,-0.13851194083690643,-0.07995621860027313,-0.018203124403953552,-0.039240363985300064,0.005477281752973795,0.03077278472483158,-0.21389399468898773,0.21341106295585632,0.00657146330922842,-0.05710424482822418,0.02879522368311882,0.13925202190876007,-0.05307285115122795,-0.05910499393939972,0.18499085307121277,-0.24014067649841309,0.1271473467350006,0.10303086042404175,0.006402120925486088,0.12438095360994339,0.07291899621486664,0.10266909748315811,0.002265987917780876,0.06162288039922714,-0.12638504803180695,-0.10059662908315659,0.005095156840980053,-0.06273433566093445,0.09335971623659134,0.020350787788629532,2.0
19,-0.13041386008262634,0.0858963206410408,0.04792020097374916,-0.0006985492072999477,-0.05264895409345627,-0.0035908808931708336,-0.06326466053724289,-0.07061255723237991,0.1969199776649475,-0.03632787987589836,0.2176818698644638,0.0065092365257442,-0.186024010181427,-0.09029603749513626,-0.02396240085363388,0.11611652374267578,-0.03415313735604286,-0.15686312317848206,-0.10921310633420944,-0.10634540021419525,-0.06365182995796204,0.01891952194273472,0.03571148216724396,0.0791989266872406,-0.2027248591184616,-0.4105510115623474,-0.06395520269870758,-0.17880791425704956,0.004614834673702717,-0.1490686982870102,-0.05297871679067612,0.10364650934934616,-0.15208198130130768,-0.08464250713586807,0.031340427696704865,0.1635371893644333,0.04050667583942413,0.041042737662792206,0.23398490250110626,0.06418609619140625,-0.15052178502082825,0.075048066675663,0.07360950112342834,0.32793521881103516,0.1676979511976242,0.05073518306016922,0.07932931184768677,-0.03014967031776905,0.1464509516954422,-0.20551607012748718,0.1482975035905838,0.09544812142848969,0.171691432595253,0.04128647223114967,0.11982840299606323,-0.1096610575914383,-0.032173383980989456,0.04930451139807701,-0.22793947160243988,0.09947643429040909,0.09004571288824081,-0.0012219883501529694,-0.15859253704547882,-0.040059685707092285,0.23290890455245972,0.16204987466335297,-0.1298714280128479,-0.08251728117465973,0.13928422331809998,-0.15298596024513245,-0.008523313328623772,0.08763963729143143,-0.09489229321479797,-0.13537240028381348,-0.2484721690416336,0.14481568336486816,0.46613264083862305,0.14251407980918884,-0.24206851422786713,0.021235888823866844,-0.0645853579044342,-0.06241775304079056,0.010413190349936485,0.012527214363217354,-0.10089084506034851,0.020364750176668167,-0.05283736437559128,0.04915354400873184,0.17536073923110962,0.10981515794992447,-0.02510523982346058,0.14168480038642883,0.023834317922592163,0.07191719114780426,0.05080508440732956,0.09309998899698257,-0.15159554779529572,-0.06672291457653046,-0.13991616666316986,-0.04068662226200104,0.043932780623435974,-0.014627494849264622,0.0049910335801541805,0.0002057887613773346,-0.1754840463399887,0.2098667025566101,-0.0043599666096270084,-0.04916619136929512,0.01365901343524456,0.134347602725029,-0.09909773617982864,-0.038158297538757324,0.17165182530879974,-0.2750502824783325,0.15586082637310028,0.09172151982784271,-0.0002729268744587898,0.1365872174501419,0.08229709416627884,0.07032621651887894,0.008433094248175621,0.03577857464551926,-0.11472316086292267,-0.1402743011713028,0.05204400047659874,-0.07526226341724396,0.10293883830308914,0.04202531650662422,2.0
20,-0.13294780254364014,0.01572098210453987,0.08961468935012817,-0.028010088950395584,-0.07204409688711166,0.018141906708478928,-0.05433041602373123,-0.052328500896692276,0.1925291270017624,-0.086295947432518,0.23052255809307098,-0.000436500646173954,-0.19019868969917297,-0.0919320210814476,-0.028668802231550217,0.11015626043081284,-0.018126562237739563,-0.14254218339920044,-0.05777982622385025,-0.12938480079174042,-0.05118158459663391,0.07350224256515503,0.02630601078271866,0.05899805948138237,-0.22566519677639008,-0.3991363048553467,-0.06156965345144272,-0.1686626821756363,-0.03686448186635971,-0.1414446234703064,-0.03050338849425316,0.08994004130363464,-0.1816677451133728,-0.10082671046257019,0.0521983727812767,0.20250071585178375,0.0088664460927248,0.007349700666964054,0.20775869488716125,0.02723376266658306,-0.11403551697731018,0.04385063424706459,0.08761253207921982,0.32973694801330566,0.11403565108776093,0.009161028079688549,0.07152928411960602,-0.04399581998586655,0.1421607881784439,-0.2120247185230255,0.13381007313728333,0.0632132962346077,0.14524836838245392,0.02951660007238388,0.13010282814502716,-0.09553242474794388,-0.02002367004752159,0.13732387125492096,-0.18550460040569305,0.11583305895328522,0.07026486098766327,0.00017405301332473755,-0.10656813532114029,-0.03279667720198631,0.24154765903949738,0.11927337944507599,-0.10925308614969254,-0.08039171248674393,0.13731038570404053,-0.13092276453971863,-0.006467198487371206,0.07971145212650299,-0.10575152188539505,-0.14623935520648956,-0.24365034699440002,0.1272801160812378,0.43414005637168884,0.1361180543899536,-0.2286144644021988,0.040935155004262924,-0.05661157891154289,-0.008065329864621162,0.048874616622924805,0.026837913319468498,-0.05251925438642502,0.0473741851747036,-0.044060952961444855,0.07845106720924377,0.19169794023036957,0.09637489914894104,-0.011094438843429089,0.15784825384616852,0.025504307821393013,0.055164746940135956,0.08241330832242966,0.027660278603434563,-0.14589577913284302,-0.06107829138636589,-0.16035915911197662,-0.028199467808008194,0.026057934388518333,-0.008543114177882671,0.03807777166366577,0.048642534762620926,-0.19308850169181824,0.17955777049064636,-0.023160124197602272,-0.06755705177783966,0.03657829016447067,0.10873814672231674,-0.08169141411781311,-0.05195041745901108,0.16402451694011688,-0.27908432483673096,0.11913173645734787,0.0871930867433548,-0.0010720440186560154,0.17868445813655853,0.07297705858945847,0.0579645037651062,0.007228380534797907,0.03066871128976345,-0.1375410109758377,-0.08549518138170242,0.04615039378404617,-0.06300635635852814,0.10711875557899475,0.02537626214325428,2.0
21,-0.16334056854248047,0.04561486467719078,0.09657985717058182,-0.02519051730632782,-0.05855228379368782,0.03374703973531723,-0.04178911820054054,-0.03435833752155304,0.20377542078495026,-0.09579232335090637,0.25503119826316833,0.003310916945338249,-0.21071839332580566,-0.05903046578168869,-0.03036646917462349,0.11473620682954788,-0.025595122948288918,-0.12419042736291885,-0.09632708877325058,-0.1012277603149414,-0.05070938542485237,0.07158166915178299,0.004181056749075651,0.04207126423716545,-0.19677013158798218,-0.39237159490585327,-0.07760290056467056,-0.1556984931230545,-0.025950726121664047,-0.1566106528043747,-0.03866256773471832,0.06145321577787399,-0.16550175845623016,-0.10057379305362701,0.048047080636024475,0.16471540927886963,0.01583154872059822,0.023159712553024292,0.2157098948955536,0.020480621606111526,-0.12269728630781174,0.022447891533374786,0.13082094490528107,0.331262469291687,0.11392563581466675,0.0381358303129673,0.04584724083542824,-0.034297600388526917,0.13249070942401886,-0.22398218512535095,0.13531996309757233,0.0610429048538208,0.1790064424276352,0.06435474753379822,0.12719812989234924,-0.09745857119560242,-0.020589975640177727,0.1416376531124115,-0.195940300822258,0.12332143634557724,0.08322548121213913,-0.024289080873131752,-0.10739003866910934,-0.007070946507155895,0.2752406597137451,0.136418879032135,-0.11588670313358307,-0.0959172248840332,0.14787834882736206,-0.13644476234912872,-0.005102945491671562,0.06860437244176865,-0.095908522605896,-0.14625002443790436,-0.22483685612678528,0.12750206887722015,0.42971038818359375,0.15382257103919983,-0.2115951031446457,0.06139376014471054,-0.08773590624332428,-0.04715311899781227,0.02249552495777607,0.029409078881144524,-0.06275700777769089,0.046923473477363586,-0.031154373660683632,0.06603256613016129,0.21061699092388153,0.09199310839176178,0.01975724846124649,0.17003341019153595,0.03249549865722656,0.03012600541114807,0.06591048836708069,-0.00021804007701575756,-0.14826929569244385,-0.09126932173967361,-0.16180187463760376,-0.05021079257130623,-0.007886046543717384,-0.006423518061637878,0.04382023587822914,0.03738855570554733,-0.20944787561893463,0.18223077058792114,-0.010594476945698261,-0.06515567749738693,0.039614804089069366,0.11498666554689407,-0.06248493492603302,-0.06580331176519394,0.15846861898899078,-0.2784614861011505,0.1275334656238556,0.06972631812095642,0.012596335262060165,0.17029404640197754,0.07852753251791,0.0760112851858139,0.036193910986185074,0.045352235436439514,-0.1232696995139122,-0.08966658264398575,0.06058988720178604,-0.07198978215456009,0.12068714946508408,0.030466796830296516,2.0
22,-0.16630984842777252,0.04084537923336029,0.09106182307004929,-0.02308785542845726,-0.06286150962114334,0.021499138325452805,-0.044994011521339417,-0.03738930821418762,0.19092856347560883,-0.08763779699802399,0.25964027643203735,-0.009225462563335896,-0.2010841816663742,-0.04805856943130493,-0.04113636165857315,0.1191171333193779,-0.02789870649576187,-0.12282083928585052,-0.09141059964895248,-0.10417644679546356,-0.04581678658723831,0.0770661011338234,0.0030721179209649563,0.05165974423289299,-0.19703663885593414,-0.38839006423950195,-0.07873357832431793,-0.15968649089336395,-0.03890448063611984,-0.1575130969285965,-0.028022266924381256,0.06300386786460876,-0.16915534436702728,-0.09686391055583954,0.053846534341573715,0.16047990322113037,0.02256593480706215,0.024919377639889717,0.2059278041124344,0.0251653753221035,-0.11409870535135269,0.025112442672252655,0.1318153440952301,0.3313556909561157,0.11277499049901962,0.044217418879270554,0.04591841250658035,-0.03794078528881073,0.12029954791069031,-0.2202838510274887,0.12449663877487183,0.05990657955408096,0.1659776270389557,0.06520673632621765,0.10893566161394119,-0.0864790678024292,-0.019120629876852036,0.144338458776474,-0.1989394724369049,0.1265510618686676,0.08593079447746277,-0.018292777240276337,-0.10950873047113419,-0.006530982442200184,0.28001973032951355,0.14205218851566315,-0.11855035275220871,-0.09345537424087524,0.15196667611598969,-0.14309744536876678,-0.01830553077161312,0.05684177204966545,-0.09528767317533493,-0.15043333172798157,-0.2185218632221222,0.1256188154220581,0.4318968653678894,0.14373061060905457,-0.21347440779209137,0.06132553517818451,-0.08515997976064682,-0.036750469356775284,0.019649436697363853,0.0262775756418705,-0.05921987071633339,0.04116320610046387,-0.027823245152831078,0.06220400333404541,0.2164130061864853,0.09313631057739258,0.022455424070358276,0.17616955935955048,0.025365304201841354,0.02465108409523964,0.07577906548976898,0.00745296198874712,-0.13961730897426605,-0.0862601101398468,-0.1534791737794876,-0.04586198925971985,-0.01493601780384779,-0.010790769942104816,0.04208923876285553,0.03873974457383156,-0.20689615607261658,0.1827566921710968,-0.019053490832448006,-0.06472870707511902,0.038044072687625885,0.12579500675201416,-0.058143600821495056,-0.07315440475940704,0.15909865498542786,-0.27254700660705566,0.1316162496805191,0.07506994903087616,0.012925241142511368,0.17188462615013123,0.0700954794883728,0.08683009445667267,0.034340862184762955,0.05096594989299774,-0.12483042478561401,-0.09053130447864532,0.05594711750745773,-0.07108016312122345,0.10970931500196457,0.030409133061766624,2.0
23,-0.16561473906040192,0.04039599373936653,0.09833437204360962,-0.027435973286628723,-0.06556855887174606,0.021850228309631348,-0.044847697019577026,-0.03411435708403587,0.19536139070987701,-0.08873778581619263,0.26942870020866394,0.008103284984827042,-0.19683018326759338,-0.05900697410106659,-0.03774711489677429,0.1245511919260025,-0.018312979489564896,-0.1211424469947815,-0.09099432826042175,-0.10630327463150024,-0.044801779091358185,0.07839838415384293,0.0027393149212002754,0.0519271120429039,-0.19548913836479187,-0.38627514243125916,-0.07204487919807434,-0.15674224495887756,-0.028205357491970062,-0.15256458520889282,-0.033059485256671906,0.06679269671440125,-0.1681937277317047,-0.09544716030359268,0.05025547370314598,0.16756129264831543,0.0156790129840374,0.02706015482544899,0.20712289214134216,0.027328558266162872,-0.11575531959533691,0.0303842443972826,0.12521062791347504,0.3315317928791046,0.11477161943912506,0.03819582611322403,0.05587004870176315,-0.03625465929508209,0.12287814170122147,-0.22617381811141968,0.13039033114910126,0.056048694998025894,0.16745847463607788,0.06456432491540909,0.11468042433261871,-0.09054778516292572,-0.019554398953914642,0.14477798342704773,-0.20275792479515076,0.1246308982372284,0.08342615514993668,-0.0184177178889513,-0.11506664007902145,-0.01194977667182684,0.27773517370224,0.14152757823467255,-0.12091966718435287,-0.09170535206794739,0.1465217024087906,-0.138929545879364,-0.018662745133042336,0.06290456652641296,-0.09880176186561584,-0.14582999050617218,-0.22752317786216736,0.13249725103378296,0.4339931309223175,0.15313346683979034,-0.21290519833564758,0.06358243525028229,-0.0850200355052948,-0.03398282453417778,0.022890545427799225,0.017471205443143845,-0.055873218923807144,0.03876427188515663,-0.031000424176454544,0.06377556920051575,0.2093539983034134,0.09384079277515411,0.022170336917042732,0.17612092196941376,0.03217769041657448,0.033227719366550446,0.06412923336029053,0.010086962953209877,-0.13730180263519287,-0.08644042909145355,-0.15388602018356323,-0.04702102392911911,-0.01678888499736786,-0.0037228157743811607,0.04787414148449898,0.03261612728238106,-0.2097736895084381,0.18825091421604156,-0.014877252280712128,-0.05772244930267334,0.039438825100660324,0.12642709910869598,-0.06403717398643494,-0.06714058667421341,0.1534113734960556,-0.27206701040267944,0.13783547282218933,0.07647769898176193,0.01927807368338108,0.17025908827781677,0.08038963377475739,0.07606624811887741,0.03169003501534462,0.04073704034090042,-0.12229961901903152,-0.08849232643842697,0.05800570920109749,-0.07662850618362427,0.11632326990365982,0.03630676120519638,2.0
24,-0.1640411764383316,0.041376322507858276,0.09203360974788666,-0.021144498139619827,-0.05890348181128502,0.02375534176826477,-0.05007849633693695,-0.03752352297306061,0.19882197678089142,-0.08675715327262878,0.2649230659008026,-0.0005396967753767967,-0.20067933201789856,-0.049939367920160294,-0.035928040742874146,0.11766469478607178,-0.026364628225564957,-0.12028858810663223,-0.08727969229221344,-0.10161340236663818,-0.04261283576488495,0.07903042435646057,-0.0014489463064819574,0.04992852732539177,-0.1957399696111679,-0.3855423927307129,-0.08003643900156021,-0.16488517820835114,-0.03383917734026909,-0.1568145900964737,-0.029497258365154266,0.06792901456356049,-0.15980957448482513,-0.09427987039089203,0.053782038390636444,0.15820422768592834,0.024981403723359108,0.02768552303314209,0.21028652787208557,0.020403988659381866,-0.12101791054010391,0.02106213942170143,0.13808752596378326,0.32690536975860596,0.10626456886529922,0.040849898010492325,0.04454430192708969,-0.033249251544475555,0.11960376054048538,-0.21887730062007904,0.1298319548368454,0.06038707122206688,0.16909538209438324,0.07059571146965027,0.1155853122472763,-0.09719452261924744,-0.023554321378469467,0.14085406064987183,-0.20129531621932983,0.1274116188287735,0.08444368839263916,-0.018696647137403488,-0.11441206932067871,-0.0071256328374147415,0.27844223380088806,0.14707742631435394,-0.12436658143997192,-0.09521765261888504,0.14039480686187744,-0.14253678917884827,-0.021488318219780922,0.06480129808187485,-0.09889478236436844,-0.14776630699634552,-0.2261509895324707,0.12503483891487122,0.42821812629699707,0.1385447233915329,-0.21469207108020782,0.06059323251247406,-0.07884728163480759,-0.0460866317152977,0.016692811623215675,0.02691672183573246,-0.05961301177740097,0.04430193081498146,-0.02447298914194107,0.05779469385743141,0.21126656234264374,0.09768091142177582,0.02589249238371849,0.17572464048862457,0.02226874604821205,0.028684519231319427,0.06716608256101608,0.01844526082277298,-0.1367313116788864,-0.0958176925778389,-0.15291884541511536,-0.04838908836245537,-0.01319126132875681,-0.008650729432702065,0.03804095834493637,0.03809485584497452,-0.21283647418022156,0.18198181688785553,-0.012632335536181927,-0.0628412514925003,0.03879771754145622,0.1274762898683548,-0.05899225175380707,-0.06913883239030838,0.16202904284000397,-0.2727469503879547,0.13237370550632477,0.06994716823101044,0.016174016520380974,0.16942496597766876,0.07108058780431747,0.08254337310791016,0.028905700892210007,0.04407013580203056,-0.12629544734954834,-0.09089791774749756,0.05550815165042877,-0.07441789656877518,0.1062152236700058,0.030104344710707664,2.0
25,-0.14526811242103577,0.07368194311857224,0.035856928676366806,-0.021574929356575012,-0.0819827988743782,0.01970750465989113,-0.07292061299085617,-0.07899723947048187,0.21783386170864105,-0.040846146643161774,0.2173854112625122,0.04750758409500122,-0.18713247776031494,-0.0672730952501297,-0.0548994205892086,0.10414721071720123,-0.057885780930519104,-0.14755938947200775,-0.09567143768072128,-0.11783308535814285,-0.11294540762901306,0.015600782819092274,0.020640172064304352,0.09077636152505875,-0.1544310450553894,-0.3807116746902466,-0.07363513857126236,-0.17637620866298676,-0.004539979621767998,-0.16831248998641968,-0.0320030078291893,0.07474350929260254,-0.1568673998117447,-0.10649953037500381,0.0366135910153389,0.1551525592803955,0.037277158349752426,0.0009364653378725052,0.2474096119403839,0.05302323028445244,-0.09284244477748871,0.06185642257332802,0.06427722424268723,0.3317789137363434,0.18361623585224152,0.027929699048399925,0.09039343893527985,-0.049804434180259705,0.2004127949476242,-0.19220857322216034,0.10808304697275162,0.08906418085098267,0.16675075888633728,0.019080761820077896,0.10744385421276093,-0.12257666885852814,-0.045503079891204834,0.10130973160266876,-0.17586855590343475,0.11875823885202408,0.062292635440826416,-0.015313243493437767,-0.14782485365867615,-0.04806853458285332,0.24979150295257568,0.1299375742673874,-0.13021178543567657,-0.11469675600528717,0.17315605282783508,-0.1352708786725998,-0.032939158380031586,0.05897795408964157,-0.11404305696487427,-0.13968318700790405,-0.2535177767276764,0.1571822166442871,0.45476239919662476,0.1302085667848587,-0.21015457808971405,0.056609608232975006,-0.07971157133579254,-0.05753134563565254,-0.03287891671061516,0.05626615509390831,-0.08614632487297058,-0.0019547343254089355,-0.030764944851398468,0.0388370081782341,0.20022916793823242,0.12344427406787872,-0.023864073678851128,0.13475123047828674,-0.004200519993901253,0.08061780780553818,0.04325384274125099,0.07164830714464188,-0.14137595891952515,-0.03786356374621391,-0.12818382680416107,-0.0027395226061344147,0.03709208965301514,-0.014651553705334663,0.03810496628284454,0.01996093988418579,-0.18455414474010468,0.16319774091243744,-0.034625761210918427,-0.030231676995754242,0.015557005070149899,0.09742160141468048,-0.10130287706851959,-0.019541367888450623,0.20160923898220062,-0.3125592768192291,0.18212009966373444,0.10209886729717255,0.014315192587673664,0.14721396565437317,0.08580230176448822,0.06042058765888214,0.04544766619801521,0.05723880976438522,-0.12731289863586426,-0.12779079377651215,0.03010581247508526,-0.07679998129606247,0.07923224568367004,0.0505007803440094,2.0
26,-0.09655015170574188,0.04075976461172104,0.060240473598241806,-0.030044930055737495,-0.03323131054639816,0.01924848183989525,-0.06008407101035118,-0.05454806983470917,0.20642606914043427,-0.06768517941236496,0.19124901294708252,0.015945550054311752,-0.15598811209201813,-0.09216772764921188,0.007552695460617542,0.0882837250828743,-0.009296368807554245,-0.15528365969657898,-0.09103554487228394,-0.11973056942224503,-0.0685548186302185,0.07592027634382248,0.027447614818811417,0.035239219665527344,-0.17215308547019958,-0.37956875562667847,-0.059998057782649994,-0.18836107850074768,-0.0037887459620833397,-0.16160137951374054,-0.03690875694155693,0.06446195393800735,-0.1806344985961914,-0.08866040408611298,0.03785711154341698,0.1784774214029312,0.026379086077213287,0.027601808309555054,0.22276318073272705,0.08702182024717331,-0.12228119373321533,0.01201112475246191,0.06109216436743736,0.3033495247364044,0.1754538118839264,0.04290144890546799,0.03232884034514427,0.0022874874994158745,0.15227997303009033,-0.2036505937576294,0.12672440707683563,0.06086015701293945,0.1600862741470337,0.037307970225811005,0.12431582808494568,-0.09895747900009155,-0.024842891842126846,0.0334787592291832,-0.2060253769159317,0.10195791721343994,0.08174645155668259,-0.03059842623770237,-0.15552617609500885,-0.021768514066934586,0.23960205912590027,0.1061888113617897,-0.10832767188549042,-0.09469470381736755,0.13500241935253143,-0.1629863977432251,-0.0240758266299963,0.08708833903074265,-0.09848471730947495,-0.10853452235460281,-0.26203426718711853,0.12252585589885712,0.41983723640441895,0.1207902580499649,-0.2195747196674347,0.020238494500517845,-0.04487301781773567,-0.03200569376349449,0.017787642776966095,0.017725331708788872,-0.05627424269914627,0.05885757878422737,-0.03498648479580879,0.02955526113510132,0.18313643336296082,0.09127645194530487,-0.04102562367916107,0.1231607124209404,-0.03297288715839386,0.08927632123231888,0.05227171257138252,0.04912497103214264,-0.10447169840335846,-0.07803935557603836,-0.14533782005310059,-0.03323008120059967,0.031150370836257935,-0.02103390544652939,0.013032311573624611,0.051053088158369064,-0.18120616674423218,0.1759217232465744,-0.02746703289449215,-0.06792793422937393,0.011403730139136314,0.11379218846559525,-0.1148027703166008,-0.05541102960705757,0.18526041507720947,-0.25903868675231934,0.12989531457424164,0.11468417197465897,-0.013555660843849182,0.12706102430820465,0.067103311419487,0.07040727883577347,0.0002317521721124649,0.06149163469672203,-0.15016500651836395,-0.1356080025434494,0.0036054281517863274,-0.034641411155462265,0.0800238698720932,0.040066901594400406,2.0
27,-0.10511373728513718,0.03580336645245552,0.06439069658517838,-0.016399450600147247,-0.02609504573047161,0.05281762406229973,-0.04125775396823883,-0.030927050858736038,0.21517564356327057,-0.07641451060771942,0.22555337846279144,0.017426779493689537,-0.1549961268901825,-0.07340075075626373,0.00277100782841444,0.11171100288629532,-0.01619146019220352,-0.13744470477104187,-0.10640884935855865,-0.09212679415941238,-0.04507741332054138,0.07428011298179626,0.005272365175187588,0.007286658976227045,-0.20739275217056274,-0.3808611333370209,-0.0706310048699379,-0.17641234397888184,0.0029542744159698486,-0.14326384663581848,-0.04922463744878769,0.06532276421785355,-0.16050958633422852,-0.05140167474746704,0.052310675382614136,0.17095838487148285,0.04342211037874222,0.044274866580963135,0.20680153369903564,0.08726997673511505,-0.1627519726753235,0.051168765872716904,0.08299016952514648,0.3053125739097595,0.1425776481628418,0.0407906137406826,0.04161658510565758,-0.023566845804452896,0.1390259712934494,-0.1810348629951477,0.14882120490074158,0.06384632736444473,0.16772742569446564,0.06908518075942993,0.09124681353569031,-0.09680081903934479,-0.04130908101797104,0.07301463931798935,-0.20423075556755066,0.1032799556851387,0.09704956412315369,0.003165632486343384,-0.1438388079404831,-0.02122901752591133,0.2167927771806717,0.14279840886592865,-0.12885256111621857,-0.10532942414283752,0.10890635848045349,-0.16839416325092316,-0.008100048638880253,0.07213279604911804,-0.1131344586610794,-0.1262233704328537,-0.23223629593849182,0.11438512802124023,0.4412662982940674,0.12055397778749466,-0.22952143847942352,0.009741952642798424,-0.04886643588542938,-0.0525580570101738,0.02359279990196228,0.042652230709791183,-0.06724836677312851,0.08880184590816498,-0.00800757110118866,0.03957369923591614,0.22277094423770905,0.08743554353713989,0.006584717892110348,0.15336906909942627,-0.007049495354294777,0.059654559940099716,0.03431718796491623,0.03233710676431656,-0.10098443925380707,-0.1022510975599289,-0.13662199676036835,-0.07099240273237228,-0.027415204793214798,-0.03756047040224075,0.01213728915899992,0.0321047343313694,-0.22021573781967163,0.22672496736049652,0.0028620806988328695,-0.049228645861148834,0.03093019872903824,0.1413707137107849,-0.06056375056505203,-0.055571358650922775,0.18369051814079285,-0.22661972045898438,0.11899559944868088,0.1072595864534378,0.026171522215008736,0.13242588937282562,0.07763346284627914,0.09524612128734589,-0.004561413079500198,0.06757363677024841,-0.14697906374931335,-0.10096636414527893,0.006056636571884155,-0.057335417717695236,0.09749731421470642,0.027771756052970886,2.0
28,-0.11659170687198639,0.021403564140200615,0.08778036385774612,-0.03203919157385826,-0.06673312187194824,0.005120250396430492,-0.047190699726343155,-0.03126532956957817,0.18176352977752686,-0.08498674631118774,0.243758425116539,-0.017265867441892624,-0.2189667820930481,-0.11578172445297241,-0.023728715255856514,0.11595217138528824,-0.02458508312702179,-0.12013822048902512,-0.0617617629468441,-0.13046398758888245,-0.04432755708694458,0.07440401613712311,0.045623891055583954,0.059933628886938095,-0.20260052382946014,-0.4287952780723572,-0.06767953932285309,-0.18092618882656097,-0.05554322525858879,-0.14909806847572327,-0.037038907408714294,0.09515995532274246,-0.15586407482624054,-0.10335574299097061,0.04052324593067169,0.17395024001598358,0.01811092160642147,0.001685168594121933,0.19588375091552734,0.019405608996748924,-0.10079796612262726,0.02277679182589054,0.08845845609903336,0.33093228936195374,0.11736631393432617,0.0033540644217282534,0.0874953493475914,-0.03458316624164581,0.1434699296951294,-0.20050422847270966,0.13116836547851562,0.05551198124885559,0.1478685438632965,0.020739251747727394,0.13722684979438782,-0.08141812682151794,-0.03315703570842743,0.14787304401397705,-0.18382243812084198,0.11045816540718079,0.06719820946455002,0.01542610302567482,-0.1157117560505867,-0.03523482382297516,0.23724308609962463,0.11886708438396454,-0.1149882972240448,-0.08542229980230331,0.14652596414089203,-0.13240395486354828,-0.008506719022989273,0.06126546859741211,-0.12508249282836914,-0.1436580866575241,-0.2351490557193756,0.11607974767684937,0.40983858704566956,0.12454821169376373,-0.21514466404914856,0.03143800050020218,-0.08007669448852539,-0.010764454491436481,0.04209192469716072,0.009119097143411636,-0.051153939217329025,0.04081893712282181,-0.05553610622882843,0.0878826230764389,0.18529054522514343,0.07516416907310486,-0.016331614926457405,0.15877166390419006,0.017006289213895798,0.055460020899772644,0.07816896587610245,0.01687140390276909,-0.14088590443134308,-0.03759928047657013,-0.16693410277366638,-0.0020374758169054985,0.02551053836941719,-0.04065432399511337,0.02071589045226574,0.026279266923666,-0.19292417168617249,0.16169147193431854,-0.009597868658602238,-0.05490642413496971,0.035729534924030304,0.1012825071811676,-0.11142466217279434,-0.04676556959748268,0.17269860208034515,-0.27006441354751587,0.12118963152170181,0.09254872798919678,0.02381049655377865,0.17739057540893555,0.0688755214214325,0.05121492221951485,0.015713341534137726,-0.0032973000779747963,-0.14527226984500885,-0.08010756969451904,0.0558759868144989,-0.04825131595134735,0.08951562643051147,0.024142146110534668,2.0
