Enrollment,Name,Date,Time
,,,
,,,
,,,
,,,
,,,
,,,
,,,
,,,
,,,
,,,
,,,
,,,
,,,
,,,
,,,
,,,
,,,
,,,
,,,
,,,
,,,
,,,
,,,
,,,
,,,
,,,
156007,kushal,26-02-2019,10:52:48
6007,Kushal,2019-02-26,14:45:10
156062,Monika,2019-02-27,13:31:40
121,tim,2020-02-16,17:01:15
121,tim,2020-02-16,17:01:23
121,tim,2020-02-16,17:01:31
121,tim,2020-02-16,17:02:38
121,tim,2020-02-16,17:02:45
121,tim,2020-02-16,17:03:05
121,tim,2020-02-16,17:03:12
121,tim,2020-02-16,17:03:21
545,sam,2020-02-16,17:41:54
545,sam,2020-02-16,17:42:00
566,sanu,2020-02-16,18:38:08
76878,ghghg,2020-02-16,18:44:29
6456,saju,2020-02-17,20:41:41
133,joji,2020-02-17,21:09:05
133,joji,2020-02-17,21:09:16
133,joji,2020-02-17,21:09:25
133,joji,2020-02-17,21:09:48
434,dgg,2020-02-26,11:45:58
333,sandra,2020-02-26,13:42:59
333,sandra,2020-02-26,13:43:19
545,abv,2020-02-27,20:52:17
545,abv,2020-02-27,20:52:25
545,abv,2020-02-27,20:52:33
545,abv,2020-02-27,20:52:43
100,joseph,2020-02-27,20:59:03
100,joseph,2020-02-27,20:59:10
100,joseph,2020-02-27,20:59:17
100,joseph,2020-02-27,20:59:23
100,joseph,2020-02-27,20:59:44
101,joseph,2020-02-27,21:06:52
234,albin,2020-03-03,09:35:32
677,midhun,2020-03-03,09:58:37
567,jins,2020-03-03,10:28:23
667,abinsir,2020-03-03,10:40:50
634,akhilsir,2020-03-03,10:43:19
34,fgg,2020-03-04,13:33:29
234,abinsir,2020-03-04,13:40:59
235,joseph,2020-03-04,13:42:05
111,joseph,2020-03-08,16:53:07
01,joseph,2020-03-08,16:55:07
02,abc,2020-03-08,16:55:50
01,abc,2020-03-08,17:03:18
02,joseph,2020-03-08,17:03:53
111,joseph,2020-03-08,17:07:24
134,abc,2020-03-08,17:08:22
134,joe,2020-03-09,10:35:50
988,vg,2020-03-09,12:13:30
8889,bbb,2020-03-09,12:16:51
7887,jhv,2020-03-09,12:24:25
999,hhjh,2020-03-09,12:29:07
8787,bb,2020-03-09,12:48:57
767,jhb,2020-03-09,12:59:53
876,vvggj,2020-03-09,13:01:49
87,hvb,2020-03-10,12:00:02
877,hv,2020-03-10,12:10:54
89,jb,2020-03-10,12:13:26
676,jgvf,2020-03-10,13:06:21
68,tom,2020-03-10,13:07:40
55,hgf,2020-03-11,11:59:27
876,gbv,2020-03-11,12:21:01
875,kfd,2020-03-11,12:38:41
8776,hgv,2020-03-11,12:42:31
86,nb,2020-03-11,12:44:17
76,gjc,2020-03-11,12:45:45
86,hkkg,2020-03-11,12:47:38
46,gbn,2020-03-12,11:28:07
78,mkjl,2020-03-12,11:35:37
89,jhg,2020-03-12,11:40:25
876,nbv,2020-03-12,11:43:28
54,gdg,2020-03-12,11:49:14
677,jhg,2020-03-12,11:53:14
314,nbh,2020-03-12,12:05:40
9797,bgfhr,2020-03-12,12:20:03
67,vvb,2020-03-12,12:25:23
7876,vcd,2020-03-12,12:27:22
8778,jhbn,2020-03-12,12:41:42
765,jbb,2020-03-12,12:46:31
234,bnmb,2020-03-12,12:49:20
768,abcd,2020-03-12,13:10:52
87,op,2020-03-12,13:14:50
89,sory,2020-03-12,13:22:00
756,756.bbb,2020-03-12,19:34:48
67,67,2020-03-12,20:33:18
877,tim,2020-03-12,20:34:32
88,jos,2020-03-12,20:35:22
588,nvc,2020-03-14,10:42:01
34543,fgdsg,2020-03-14,10:43:41
7789,bhbj,2020-03-19,18:28:34
6867,jhgjhg,2020-03-19,18:29:45
889,hkjh,2020-03-31,20:43:44
24,tom,2020-04-16,11:08:20
34,jerin,2020-04-16,11:09:27
987,jg,2020-04-17,12:38:44
777,jiss,2020-04-23,18:45:18
769,bvh,2020-04-23,18:46:19
842,sfjh,2020-04-23,19:09:51
314,xsdz,2020-04-23,19:24:00
972,sjh,2020-04-23,19:24:46
9098,kjnb,2020-04-23,20:26:09
88,jins,2020-05-07,11:38:59
50,jojy,2020-05-07,12:15:20
33,justin,2020-05-08,12:44:48
33,justin,2020-05-08,12:44:58
36,robin,2020-05-08,12:47:02
97,vcvx,2020-05-08,12:49:17
78,saaa,2020-05-08,12:51:04
87,kkk,2020-05-08,12:53:38
37,lpp,2020-05-08,12:54:42
76,jh,2020-05-08,12:58:24
77,ll,2020-05-08,13:19:02
88,kkk,2020-05-08,18:00:29
23,kjj,2020-05-08,18:01:59
555gg,llllllllll,2020-05-08,18:03:03
988,lll,2020-05-08,18:04:38
998,lmnn,2020-05-08,18:06:36
0003,kff,2020-05-08,18:16:28
15,joseph,2020-05-08,18:26:03
20,joe,2020-05-08,18:26:27
01,jerin,2020-05-08,18:26:50
02,albin,2020-05-08,18:27:46
04,bibin,2020-05-08,18:28:42
777,kjh,2020-05-09,11:18:05
56,vishnu,2020-05-09,11:33:41
